Workbook
Name Access: [1]Validation!$E$2:$E$223
Name AccessCircuit: [1]Validation!$C$2:$C$29
Name CoS: [1]Validation!$G$2:$G$47
Name Countries: [1]Validation!$A$2:$A$301
Name DSLCheckService: [1]Validation!$H$2:$H$4
Name Port: [1]Validation!$F$2:$F$40
Name VancoProducts: [1]Validation!$B$2:$B$4
Name ACTION: #REF!

Sheet Cover
B2: TEST CASE
B3: Version: | C3: 46023
B4: Issue date: | C4: 46141
B6: Project Name: | C6: MovieBookingApp
B7: Project Code: | C7: UTEHY-SE01
B10: Record of change:
B11: Effective Date | C11: Version | D11: Change location | E11: Change description | F11: Originator | G11: Reviewer/ Approver | H11: Reference
B13: 46141 | C13: 1.1 | E13: Update testcase | F13: Nguyễn Phương Quyên | G13: Hồ Văn Đạt | H13: CR236 "Export all carrier choices"

Sheet Account Management
A1: TEST CASE
A3: System Name： | B3: MovieBookingApp
A4: Module Code： | B4: CR100 - Export to excel
A5: Test requirement: | B5: CR1 -
A6: Pass | B6: =COUNTIF(J12:J17,"Pass") -> 3 | C6: Pending | D6: =COUNTIF(J10:J736,"Pending") -> 0
A7: Fail | B7: =COUNTIF(J12:J17,"Fail") -> 0 | C7: Number of test cases: | D7: =COUNTA(A12:A100)-4 -> 3
A9: ID | B9: Test Case Description | C9: Test Case Procedure | D9: Expected Results | H9: Actual Results | I9: Test date | J9: Status | K9: Note
A12: 1. Đăng ký
A13: TC1 | B13: Đăng ký tài khoản thành công với đầy đủ thông tin hợp lệ | C13: 1: Nhấn vào nút đăng ký 2: Nhập thông tin tên đăng nhập: vandat 3: Nhập địa chỉ email: testuser@gmail.com 4: Nhập vào ô mật khẩu: Aa@123456 5: Nhập vào ô nhập lại mật khẩu: Aa@123456 | D13: 1: Hiển thị thông báo đăng ký thành công 2: Chuyển hướng người dùng sang trang đăng nhập 3: Lưu dữ liệu tài khoản mới vào DB | J13: Pass
A14: 2. Đăng nhập
A15: TC2 | B15: Checking new function is added in Classic or Current Mode | C15: 1: Go to the system TestProEngine with Classic or Current Mode that has to set role "CanExportAllCarrierChoices" 2: Submit for the quote 3: Open the quote at the home 4: Go to Quick Links | D15: See a new selector: "Export all Carriers" | J15: Pass
A16: 3. Phân quyền
A17: TC3 | B17: Checking new function is added in Classic or Current Mode | C17: 1: Go to the system TestProEngine with Classic or Current Mode that has not to set role "CanExportAllCarrierChoices" 2: Submit for the quote 3: Open the quote at the home 4: Go to Quick Links | D17: Don't see a new selector: "Export all Carriers" | J17: Pass
A18: 4. Đăng xuất

Sheet Booking
A1: TEST CASE
A3: System Name： | B3: MovieBookingApp
A4: Module Code： | B4: CR101 - Export to excel
A5: Test requirement: | B5: CR1 -
A6: Pass | B6: =COUNTIF(J12:J100,"Pass") -> 0 | C6: Pending | D6: =COUNTIF(J10:J743,"Pending") -> 16
A7: Fail | B7: =COUNTIF(J12:J100,"Fail") -> 0 | C7: Number of test cases: | D7: =COUNTA(A12:A100)-6 -> 16
A9: ID | B9: Test Case Description | C9: Test Case Procedure | D9: Expected Results | H9: Actual Results | I9: Test date | J9: Status | K9: Note
A12: 1. Nghiệp vụ
A13: TC1 | B13: Chọn ghế đã có người đặt | C13: 1: Chọn suất chiếu chưa bắt đầu 2: Chọn ghế đang trong trạng thái "Đã đặt" | D13: 1: Hệ thống không cho phép chọn ghế 2: Ghế trong trạng thái "Đã đặt" bị disabled, không có phản ứng khi click | J13: Pending
A14: TC2 | B14: Đặt ghế không thuộc phòng chiếu | C14: 1: Truy cập trang đặt ghế phòng 01 2: Dùng Postman gửi request đặt ID_Ghe của phòng 02 | D14: 1: Hệ thống check ID_Ghe so với ID_SuatChieu 2: Phát hiện ghế không đúng phòng và từ chối yêu cầu đặt ghế 3: Hệ thống trả về mã lỗi 400 và không thay đổi trạng thái ghế | J14: Pending
A15: TC3 | B15: Đặt ghế trước khi phim bắt đầu 1 giây | C15: 1: Chọn suất chiếu bắt đầu lúc 19h 00m 00s 2: Chọn ghế trống trên sơ đồ và nhấn "Đặt ghế" lúc 18h 59m 59s | D15: 1: Hệ thống xác nhận giờ hợp lệ (thời gian hiện tại < thời gian bắt đầu) 2: Ghế được giữ và chuyển hướng sang trang thanh toán | J15: Pending
A16: TC4 | B16: Đặt ghế đúng giờ phim chiếu | C16: 1: Chọn suất chiếu bắt đầu lúc 19h 00m 00s 2: Chọn ghế trống trên sơ đồ và nhấn "Đặt ghế" lúc 19h 00m 00s | D16: 1: Hệ thống báo lỗi: "Suất chiếu đã bắt đầu. Không thể đặt vé" | J16: Pending
A17: TC5 | B17: Đặt ghế sau khi phim đã chiếu được 1 giây | C17: 1: Chọn suất chiếu bắt đầu lúc 19h 00m 00s 2: Chọn ghế trống trên sơ đồ và nhấn "Đặt ghế" lúc 19h 00m 01s | D17: 1: Hệ thống báo lỗi: "Suất chiếu đã bắt đầu. Không thể đặt vé" | J17: Pending
A18: 2. Số lượng ghế
A19: TC6 | B19: Không chọn ghế nào | C19: 1: Chọn suất chiếu chưa bắt đầu 2: Không chọn ghế trống nào 3: Nhấn nút "Đặt ghế" | D19: 1: Hệ thống phát hiện danh sách ghế rỗng 2: Nút "Đặt ghế" bị vô hiệu hóa (disabled) | J19: Pending
A20: TC7 | B20: Chọn 1 ghế | C20: 1: Chọn suất chiếu chưa bắt đầu 2: Chọn 1 ghế trống trên sơ đồ 3: Nhấn nút "Đặt ghế" | D20: 1: Hệ thống giữ ghế thành công và chuyển hướng sang trang Thanh toán | J20: Pending
A21: TC8 | B21: Chọn 3 ghế | C21: 1: Chọn suất chiếu chưa bắt đầu 2: Chọn 3 ghế trống trên sơ đồ 3: Nhấn nút "Đặt ghế" | D21: 1: Hệ thống giữ ghế thành công và chuyển hướng sang trang Thanh toán | J21: Pending
A22: TC9 | B22: Chọn 8 ghế | C22: 1: Chọn suất chiếu chưa bắt đầu 2: Chọn liên tục 8 ghế trống bất kì trên sơ đồ 3: Nhấn nút "Đặt ghế" | D22: 1: Hệ thống giữ ghế thành công và chuyển hướng sang trang Thanh toán | J22: Pending
A23: TC10 | B23: Chọn 9 ghế | C23: 1: Chọn suất chiếu chưa bắt đầu 2: Chọn liên tục 9 ghế trống bất kì trên sơ đồ | D23: 1: Hệ thống kiểm tra số lượng ghế đã chọn 2: Phát hiện vượt giới hạn 8 ghế 3: Hệ thống không cho phép chọn ghế thứ 9 và hiển thị thông báo "Chỉ được đặt tối đa 8 ghế mỗi suất chiếu" | J23: Pending
A24: TC11 | B24: Đặt ghế vượt giới hạn tích lũy | C24: 1: Tài khoản đã đặt 5 ghế trước đó cho cùng suất chiếu 2: Đặt thêm 4 ghế mới | D24: 1: Hệ thống kiểm tra tổng số ghế người dùng đã đặt cho suất chiếu này (5 ghế cũ + 4 ghế mới) 2: Phát hiện tổng số ghế là 9, quá giới hạn tối đa (8 ghế) 3: Hiển thị thông báo "Chỉ được đặt tối đa 8 ghế cho mỗi suất chiếu" | J24: Pending
A25: 3. Trạng thái ghế
A26: TC12 | B26: Hết thời gian giữ ghế | C26: 1: Chọn suất chiếu chưa bắt đầu 2: Chọn ghế trống trên sơ đồ và nhấn nút "Đặt ghế" 3: Nhấn "Thanh toán ngay" khi quá 10 phút | D26: 1: Hệ thống thông báo "Hết hạn giữ ghế" sau 10 phút 2: Ghế tự động trở về trạng thái "Trống" | J26: Pending
A27: 4. Xử lý đồng thời
A28: TC13 | B28: Hai người cùng chọn 1 ghế | C28: 1: Hai người dùng chọn cùng 1 suất chiếu chưa bắt đầu 2: Cả 2 chọn cùng ghế trống 3: Gần như đồng thời nhấn nút "Đặt ghế" | D28: 1: Ghế được chuyển sang trạng thái "Đang giữ" cho 1 người dùng 2: Người còn lại nhận thông báo "Ghế đã được chọn. Vui lòng chọn ghế khác" | J28: Pending
A29: TC14 | B29: Một tài khoản đặt 1 ghế trên 2 phiên làm việc | C29: 1: Mở 2 tab hoặc 2 thiết bị cho cùng 1 tài khoản 2: Chọn cùng suất chiếu chưa bắt đầu 3: Chọn cùng ghế và nhấn nút "Đặt ghế" gần như đồng thời | D29: 1: Hệ thống duyệt 1 yêu cầu thành công 2: Yêu cầu còn lại báo lỗi "Thông tin đã thay đổi. Vui lòng load lại trang" | J29: Pending
A30: 5. Kiểm tra dữ liệu đầu vào
A31: TC15 | B31: Dữ liệu ghế không hợp lệ | C31: 1: Chọn suất chiếu chưa bắt đầu 2: Gửi danh sách ghế rỗng, bị trùng hoặc không tồn tại 3: Chọn ghế trống trên sơ đồ và nhấn nút "Đặt ghế" | D31: 1: Hệ thống kiểm tra dữ liệu đầu vào của danh sách ghế 2: Phát hiện danh sách ghế không hợp lệ 3: Từ chối xử lý yêu cầu đặt ghế 4: Hiển thị thông báo lỗi "Danh sách ghế không hợp lệ. Vui lòng chọn lại" | J31: Pending
A32: 6. Xử lý lỗi mạng
A33: TC16 | B33: Xử lý mất kết nối khi nhấn "Đặt ghế" | C33: 1: Chọn suất chiếu chưa bắt đầu 2: Chọn ghế trống trên sơ đồ và nhấn nút "Đặt ghế" 3: Bị ngắt kết nối mạng ngay khi hệ thống đang xử lý | D33: 1: Hệ thống hiển thị thông báo "Mất kết nối internet. Vui lòng thử lại sau" 2: Ghế vẫn ở trạng thái "Trống" và người dùng có thể đặt lại khi mạng ổn định | J33: Pending

Sheet Payment
A1: TEST CASE
A3: System Name： | B3: MovieBookingApp
A4: Module Code： | B4: CR102 - Export to excel
A5: Test requirement: | B5: CR1 -
A6: Pass | B6: =COUNTIF(J12:J100,"Pass") -> 0 | C6: Pending | D6: =COUNTIF(J10:J732,"Pending") -> 7
A7: Fail | B7: =COUNTIF(J12:J100,"Fail") -> 0 | C7: Number of test cases: | D7: =COUNTA(A12:A100)-3 -> 7
A9: ID | B9: Test Case Description | C9: Test Case Procedure | D9: Expected Results | H9: Actual Results | I9: Test date | J9: Status | K9: Note
A12: 1. Thời gian thanh toán
A13: TC1 | B13: Thanh toán thành công trong thời gian giữ ghế (trước 1 giây) | C13: 1: Người dùng chọn ghế và được chuyển sang trang thanh toán 2: Nhấn "Thanh toán ngay" lúc 9m 59s | D13: 1: Hệ thống kiểm tra thời gian và gửi thông báo "Thanh toán thành công" sau khi hoàn tất giao dịch 2: Xuất vé thành công và ghế chuyển sang trạng thái "Đã đặt" | J13: Pending
A14: TC2 | B14: Thanh toán đúng thời điểm hết hạn (đúng 10 phút) | C14: 1: Người dùng chọn ghế và được chuyển sang trang thanh toán 2: Nhấn "Thanh toán ngay" đúng ở phút thứ 10 | D14: 1: Hệ thống kiểm tra thời gian và gửi thông báo "Thanh toán thành công" sau khi hoàn tất giao dịch 2: Xuất vé thành công và ghế chuyển sang trạng thái "Đã đặt" | J14: Pending
A15: TC3 | B15: Thanh toán ngay khi vừa hết hạn (trễ 1 giây) | C15: 1: Người dùng chọn ghế và được chuyển sang trang thanh toán 2: Nhấn "Thanh toán ngay" lúc 10m 01s | D15: 1: Hệ thống báo lỗi "Hết hạn giữ ghế" 2: Hệ thống tự động hủy giao dịch 3: Ghế tự động chuyển về trạng thái "Trống" | J15: Pending
A16: 2. Nghiệp vụ
A17: TC4 | B17: Thanh toán khi chưa chọn ghế | C17: 1: Truy cập trực tiếp vào link thanh toán khi chưa có ghế giữ | D17: 1: Hệ thống kiểm tra dữ liệu và gửi thông báo lỗi 404 | J17: Pending
A18: TC5 | B18: Tranh chấp thanh toán khi dữ liệu không đồng bộ | C18: 1: User A chọn ghế và được chuyển sang trang thanh toán 2: User A treo máy và bị lỗi hiển thị đồng hồ dẫn đến không biết việc ghế đã được giải phóng (do hết thời hạn giữ ghế) 3: User B vào đặt ghế sau đó nhấn "Thanh toán ngay" cùng lúc với user A | D18: 1: Hệ thống phát hiện User A đã hết hạn giữ chỗ và từ chối giao dịch kèm thông báo "Hết hạn giữ ghế" 2: Xuất vé thành công cho User B và ghế chuyển sang trạng thái "Đã đặt" | J18: Pending
A19: 3. Xử lý ngoại lệ
A20: TC6 | B20: Xử lý khi thanh toán thất bại | C20: 1: Chọn suất chiếu chưa bắt đầu 2: Chọn ghế trống trên sơ đồ ghế và nhấn nút "Đặt ghế" 3: Nhấn "Thanh toán ngay" trong 10 phút nhưng ngân hàng báo lỗi hoặc thẻ hết tiền | D20: 1: Hệ thống gửi thông báo "Thanh toán thất bại" 2: Ghế vẫn ở trạng thái "Đang giữ" vì còn đang trong 10 phút 3: Người dùng vẫn có thể thử lại để hoàn tất thanh toán | J20: Pending
A21: TC7 | B21: Mất kết nối mạng khi đang thanh toán | C21: 1: Chọn suất chiếu chưa bắt đầu 2: Chọn ghế trống trên sơ đồ và nhấn nút "Đặt ghế" 3: Bị ngắt kết nối mạng đột ngột ngay khi hệ thống đang xử lý giao dịch | D21: 1: Hệ thống báo lỗi "Mất kết nối internet. Vui lòng thử lại sau" 2: Người dùng có thể thanh toán lại khi mạng đã ổn định và còn trong thời gian giữ ghế 3: Nếu đã thanh toán nhưng chưa nhận được thông báo "Thanh toán thành công" do lỗi mạng thì hệ thống tạm ghi nhận trạng thái "Giao dịch đang được xử lý. Kết quả sẽ được cập nhật sau ít phút" | J21: Pending

Sheet Cancellation
A1: TEST CASE
A3: System Name： | B3: MovieBookingApp
A4: Module Code： | B4: CR103 - Export to excel
A5: Test requirement: | B5: CR1 -
A6: Pass | B6: =COUNTIF(J12:J17,"Pass") -> 0 | C6: Pending | D6: =COUNTIF(J10:J731,"Pending") -> 5
A7: Fail | B7: =COUNTIF(J12:J17,"Fail") -> 0 | C7: Number of test cases: | D7: =COUNTA(A12:A100)-3 -> 5
A9: ID | B9: Test Case Description | C9: Test Case Procedure | D9: Expected Results | H9: Actual Results | I9: Test date | J9: Status | K9: Note
A12: 1. Thời gian hủy vé
A13: TC1 | B13: Hủy vé hợp lệ (trước suất chiếu 2h 00m 01s) | C13: 1: Đã đặt thành công vé có suất chiếu bắt đầu lúc đúng 19h 2: Nhấn "Hủy vé" vào 16h 59m 59s | D13: 1: Hệ thống xác nhận giờ hủy hợp lệ (> 2 giờ) 2: Thông báo "Hủy vé thành công" 3: Trạng thái vé chuyển sang "Đã hủy" và ghế chuyển về trạng thái "Trống" | J13: Pending
A14: TC2 | B14: Hủy vé đúng mốc 2 giờ trước suất chiếu | C14: 1: Đã đặt thành công vé có suất chiếu bắt đầu lúc đúng 19h 2: Nhấn "Hủy vé" vào 17h 00m 00s | D14: 1: Hệ thống báo lỗi "Đã quá thời gian hủy vé. Chỉ được hủy vé trước suất chiếu trên 2 giờ" 2: Yêu cầu hủy bị từ chối và trạng thái vé vẫn là "Đã đặt" | J14: Pending
A15: TC3 | B15: Hủy vé không hợp lệ (trước suất chiếu 1h 59m 59s) | C15: 1: Đã đặt thành công vé có suất chiếu bắt đầu lúc đúng 19h 2: Nhấn "Hủy vé" vào 17h 00m 01s | D15: 1: Hệ thống báo lỗi "Đã quá thời gian hủy vé. Chỉ được hủy vé trước suất chiếu trên 2 giờ" 2: Yêu cầu hủy bị từ chối và trạng thái vé vẫn là "Đã đặt" | J15: Pending
A16: 2. Nghiệp vụ
A17: TC4 | B17: Hủy vé đã được check-in bởi nhân viên | C17: 1: Sử dụng vé ở trạng thái đã được nhân viên xác nhận vào cổng 2: Nhấn "Hủy vé" (dù vẫn còn sớm hơn 2 giờ) | D17: 1: Hệ thống kiểm tra trạng thái vé 2: Hệ thống gửi thông báo "Không thể hủy vé đã được sử dụng (check-in)" 3: Từ chối thao tác hủy | J17: Pending
A18: 3. Xử lý ngoại lệ
A19: TC5 | B19: Mất kết nối mạng khi đang thực hiện "Hủy vé" | C19: 1: Đã đặt thành công vé có suất chiếu bắt đầu lúc đúng 19h 2: Nhấn "Hủy vé" trước suất chiếu 2h nhưng bị ngắt kết nối internet ngay khi hệ thống đang xử lý | D19: 1: Hệ thống báo lỗi "Mất kết nối internet. Vui lòng thử lại sau" 2: Trạng thái vé không thay đổi 3: Người dùng có thể hủy vé lại khi mạng đã ổn định và còn trong thời gian được hủy vé | J19: Pending

Sheet Test Report
A1: TEST REPORT
B3: Note:
B4: Date
B7: No | C7: Module code | D7: Pass | E7: Fail | F7: Pending | G7: Number of test cases
B8: 1 | C8: ='Account Management'!B4 -> CR100 - Export to excel | D8: ='Account Management'!B6 -> 3 | E8: ='Account Management'!B7 -> 0 | F8: ='Account Management'!D6 -> 0 | G8: ='Account Management'!D7 -> 3
B9: 2 | C9: =Booking!B4 -> CR101 - Export to excel | D9: =Booking!B6 -> 0 | E9: =Booking!B7 -> 0 | F9: =Booking!D6 -> 16 | G9: =Booking!D7 -> 16
B10: 3 | C10: =Payment!B4 -> CR102 - Export to excel | D10: =Payment!B6 -> 0 | E10: =Payment!B7 -> 0 | F10: =Payment!D6 -> 7 | G10: =Payment!D7 -> 7
B11: 4 | C11: =Cancellation!B4 -> CR103 - Export to excel | D11: =Cancellation!B6 -> 0 | E11: =Cancellation!B7 -> 0 | F11: =Cancellation!D6 -> 5 | G11: =Cancellation!D7 -> 5
C12: Sub total | D12: =SUM(D8:D11) -> 3 | E12: =SUM(E8:E11) -> 0 | F12: =SUM(F8:F11) -> 28 | G12: =SUM(G8:G11) -> 31
C14: Test coverage | E14: =(D12+E12)*100/G12 -> 9.6774194 | F14: %
C15: Test successful coverage | E15: =D12*100/G12 -> 9.6774194 | F15: %
